7;0.1314031481742859;0.2576884329319;0.03386107133534999;206.7270681034891;0.08837351743495528;0.04427912189942725;1.1249484280213882;0.11467921904921052;0.03730514629916511;31.899999618530273;0.6459904525961194
8;0.1959102749824524;0.1841784417629242;0.03608244917161407;221.71443966984287;0.06462063635706587;0.07298787080890366;1.0560043907822863;0.22935837227335432;0.0889181984601289;41.900001525878906;0.5299140401184559
10;0.16843515634536743;0.3815709352493286;0.06426996013556874;155.59368605342777;0.10499612352858695;0.05138078629652591;1.1659053038109113;0.11467928561316842;0.04128926076675523;40.5;0.621765810251236
26;0.17201882600784302;0.5902908146381378;0.10154113293726574;256.0538694802957;0.19506255258151958;0.05114481666653803;1.1012144617613358;0.38226405370544003;0.13374619501371238;40.5;0.5652416394307063
26;0.24608254432678223;0.7129482328891754;0.17544411512265157;148.19533833792948;0.2312674959607306;0.06599077311086142;1.1276789018152593;0.45871689207994637;0.1560274293437403;41.099998474121094;0.5326315462589264
28;0.2448878288269043;0.4559520483016968;0.11165710715778232;250.76773626629324;0.15949944103750777;0.056909429070148725;1.1590791481366662;0.42049038130344496;0.12701872394826677;36.599998474121094;0.6863648455057826
62;0.3691236972808838;0.5779746174812317;0.21334412773917677;290.61029547435174;0.09742536859142487;0.09446548782211787;1.280584510051982;0.5733960423284628;0.16036129035538557;50.79999923706055;1.021081674002832
50;0.406155526638031;0.32256948947906494;0.13101338087673042;381.64040699815735;0.080989584090827;0.09660762986863268;1.3279852545375272;0.30581121624962715;0.07277987938059954;54.0;1.034392201900482
9;0.29506003856658936;0.1777637004852295;0.05245096432091145;171.5888376224158;0.058856695254276344;0.10370982592074822;1.6309931999879523;0.11467917101117808;0.038226386581647426;24.399999618530273;0.5338393284214867
39;0.5148619413375854;0.5488384366035461;0.2825760229503871;138.01595617632205;0.17874797197693126;0.10425554594838765;1.3996744625840132;0.30581131095422376;0.09789768707158937;53.70000076293945;0.681188641450344
10;0.16962966322898865;0.22211766242980957;0.03767774427517878;265.40867008824006;0.06308458802209689;0.059050639154551485;1.670493822206354;0.11467929789031261;0.036264786893603254;26.399999618530273;0.5652416437864304
50;0.740636557340622;0.5782952904701233;0.4283066330600871;116.73879445379849;0.16152681027483642;0.18577149929719122;1.5221753742271154;0.5733961146883981;0.16267476923831062;52.099998474121094;0.633070638179779
51;0.46946802735328674;0.4237130880355835;0.1989197476038349;256.3848014806992;0.11650457554893198;0.12076695322731931;1.5852714218853092;0.49694317272619126;0.15933631413475044;49.099998474121094;0.6705317468035454
41;0.5865363776683807;0.6134713888168335;0.3598232861998163;113.94482117322437;0.12973437559106443;0.13679097283740058;1.6083059763098264;0.4587168074168466;0.11669709112867416;41.5;0.7582509793886324
27;0.2771414518356323;0.3098275661468506;0.08586606150063858;314.4432099031257;0.07521074070441525;0.06480466877257873;1.534719290257656;0.2293582847926301;0.062456779450357054;52.20000076293945;0.33495801245724716
8;0.11467918753623962;0.34857654571533203;0.03997447505682317;200.12770620822687;0.10347397939181287;0.0404593372318301;1.6389570030643907;0.2675847860695344;0.07763818717758159;37.599998474121094;0.6712244562804699
12;0.1923266053199768;0.2032182216644287;0.03908427071188214;307.0288835235152;0.06449437580593209;0.05311617612614878;1.742486872597654;0.22935845417322742;0.06197852551932562;33.20000076293945;0.8478624671697617
10;0.11109548807144165;0.11066746711730957;0.012294656273027726;813.3614944517163;0.03734998036142713;0.036318265546364324;1.5596372533993546;0.11467932282154858;0.03948009439378388;36.70000076293945;0.791338300704956
5;0.12065207958221436;0.10341799259185791;0.012477595872425695;400.71821936864666;0.041145261054321994;0.05430654222291654;1.811931507354803;0.0382263714413722;0.02093743393492283;22.100000381469727;0.9043866276741028
7;0.45154938101768494;0.16842496395111084;0.07605218822005;92.04205906273394;0.056913215225855095;0.1894484626694748;1.774797300912177;0.11467926406814888;0.048639967041483406;33.0;-0.5248672366142273
22;0.23533129692077637;0.18258953094482422;0.04296903112140171;511.99665028151855;0.04976622867980236;0.0741895142518309;1.8366049302834624;0.6116226248579162;0.21315487020636034;39.70000076293945;-0.6680128547278318
44;0.6450705528259277;0.24510931968688965;0.15811280435320896;278.2823325409382;0.06363598277925228;0.09952538425686072;1.5751015781782927;0.5351697609406811;0.14505420504253436;43.20000076293945;-1.1882920840924436
45;0.6414868235588074;0.4697990417480469;0.3013698950019261;149.31816596914032;0.08867047189701152;0.1478242628768548;1.6556279864071108;0.5733961284742632;0.16876823923532644;49.599998474121094;-0.8667038453949822
51;0.47663547098636627;0.5476949214935303;0.2610508268629097;195.3642538231934;0.1215140053581915;0.10320991084537194;1.5193121504439142;0.496943312733616;0.14742572486196562;49.79999923706055;-0.7314891832716325
66;0.7931979224085808;0.6916200518608093;0.5485915882321089;120.30807875252259;0.10460725467248312;0.17421681768083122;1.4966216140981217;0.611622486044404;0.15513043531853596;50.29999923706055;-0.8478624594934059
60;0.4157121330499649;0.5389848351478577;0.2240625355008996;267.7823843502793;0.14246479804574233;0.1022921332610307;1.4392240808989418;0.5351696283788554;0.14557455786892987;46.0;-0.9891728733976682
62;0.6307356506586075;0.9429721236228943;0.5947661359462151;104.24265312510443;0.16506870646924626;0.12606490751067428;1.354571101682582;0.6880753278750111;0.18593797062343165;46.79999923706055;-1.0074064741211552
62;0.6952426731586456;0.7958770990371704;0.5533277218403505;112.04932909160951;0.17147840163292916;0.13675128525100957;1.2355760040582897;0.6498488037191799;0.1603649001774976;45.099998474121094;-0.7521360555002766
40;0.4443819522857666;0.6630284190177917;0.2946378632640716;135.75987674112906;0.15261272897735922;0.09822686480098765;1.1869298257938847;0.6116224605995877;0.15067167565605438;49.0;-0.7630762130022049
54;0.5327804684638977;0.686282753944397;0.36563804714518966;147.68703755426571;0.2055241346507296;0.10827450128501083;1.129094695210483;0.42049038326004795;0.1175787762299504;48.0;-0.9211345237714273
35;0.3942098021507263;0.8608400970697403;0.33935160434927436;103.13786512698077;0.2509511552017666;0.09099429492041741;1.0430347221099656;0.3440376391225004;0.0896831065330139;54.599998474121094;-1.2596813763890948
43;0.2771414518356323;0.4218411445617676;0.11690966724785312;367.80534075799136;0.10373946171102459;0.0652106384103635;0.9281015042653236;0.3058113425257576;0.08313508129993304;42.599998474121094;-0.8610076197358065
37;0.7083830386400223;0.6790844723582268;0.4810519220223769;76.91477428143169;0.15304192033931535;0.16480128942958416;0.9225993991578918;0.38226412013780287;0.11787754595488761;38.599998474121094;-0.2902592203101596
18;0.541142463684082;0.18280339241027832;0.09892267813870603;181.9602980699836;0.042461917955127694;0.13755020289226527;0.9577837604752114;0.15290564038109122;0.051573941222683974;43.5;-0.4710347023275163
24;0.4455764889717102;0.42120271921157837;0.1876780287716322;127.87858097765589;0.11119230705845819;0.15624588648936713;0.9285830372517504;0.3822639927222673;0.09395973280894737;40.400001525878906;-0.48281056930621463
18;0.33448100090026855;0.6124210804700851;0.204843215968058;87.87208263126864;0.16522969119534536;0.10551633866000514;0.911062611983598;0.305811355989726;0.07894200024921304;36.0;-0.6751497371329201
13;0.13020867109298706;0.20085379481315613;0.026152905706604557;497.0766975509352;0.055001159576517716;0.046048282875616756;0.6704323006092774;0.11467922243954298;0.04306591304213547;37.79999923706055;-0.6087217720655295
23;0.5208347737789154;0.16831478476524353;0.08766419284685245;262.3648179842428;0.043420702022871356;0.14408613873606332;0.6531728896949226;0.45871685602195567;0.13633149441123407;46.29999923706055;-0.7495595683222231
43;0.6498488187789917;0.39576487243175507;0.25718733486399437;167.19330297792163;0.09690366871706087;0.17449704596368384;0.6596276997260951;0.3822640059184707;0.1094297491530246;43.599998474121094;0.03286288713299951
37;0.5662286281585693;0.4740574508905411;0.2684249000860994;137.84116148737303;0.09318346385721021;0.17038603816562314;0.7180364906022083;0.458716788367059;0.1258620763445614;38.20000076293945;-0.43538883328437805
28;0.4276578724384308;0.24412307143211365;0.10440115334179279;268.1962708623769;0.07413462851990024;0.15251482120468549;0.6908057090556085;0.30581122219553036;0.10555152539785206;26.799999237060547;-0.3431824232850756
52;0.27594684064388275;0.45562878251075745;0.1257293230402623;413.5868924017673;0.14236571667778525;0.07486003936543115;0.7277719060806844;0.45871684846517613;0.12978921546654915;42.599998474121094;0.41306119756056714
37;0.7740846574306488;0.6946488469839096;0.5377170147521348;68.80942760767104;0.19533390204055637;0.18245727993556923;0.740765696753812;0.42049048377866555;0.12332627145305793;47.29999923706055;0.42011203073166514
45;0.6164007484912872;0.5589159429073334;0.34451620555179385;130.61794851689436;0.155815950680091;0.20205777653745358;0.6974194869273574;0.3822640397196413;0.1257715549558393;38.70000076293945;0.10048740373717414
77;0.7931978702545166;0.7646621465682983;0.6065283861222213;126.95201372567543;0.21677329753124924;0.22273863035310928;0.8375057388806518;0.802754578783943;0.23785090495479988;53.29999923706055;0.30831362365128157
78;0.47066259384155273;1.231092780828476;0.5794293214843407;134.61521035936732;0.29653763243787845;0.1328096779692104;0.8983204840593905;1.0321129766862964;0.2950571402412304;48.099998474121094;0.49639810621738434
63;0.3858477473258972;0.9498753994703293;0.3665072831259133;171.89290063400023;0.18141119299039016;0.08888966629727202;0.881027580141525;0.611622449735206;0.16383332393728064;47.79999923706055;0.8254322362324548
68;0.5112781524658203;0.6240807473659515;0.31907885150275206;213.11346609072743;0.10248748684138087;0.11832444116915185;0.9292388842592949;0.42049046940550927;0.09299416041731841;49.20000076293945;1.0224223737330997
36;0.40137723088264465;0.4427355229854584;0.17770395822928275;202.5841200090262;0.08920972812740993;0.13039669673477275;0.9248665916998964;0.2675848572168352;0.08112618651340121;50.599998474121094;0.5416899025440216
6;0.3320918083190918;0.21689796447753906;0.07203003724407608;83.29858250203048;0.07454051714281698;0.11155671346946781;1.1276788983499222;0.11467916827847358;0.040092171715739804;32.400001525878906;1.2717936635017395
38;0.44079816341400146;0.537575364112854;0.23696223319755916;160.36310718053878;0.10394807996733181;0.13525154788087715;1.0331188382960483;0.611622524510586;0.1493745775263305;49.5;0.6619277110225276
60;0.6044550240039825;0.8572344779968262;0.518159686974613;115.79441918826787;0.16651590280324188;0.1422284036924715;1.1327757543205268;0.49694329067912435;0.13646683737985235;39.099998474121094;0.8101796795924504
31;0.21980184316635132;0.6838967502117157;0.15032176623201288;206.22429324142792;0.1352242723589422;0.05435119268260011;1.2294104535685966;0.3822640875715684;0.08833348677920431;46.20000076293945;0.9663808691886163
38;0.26758480072021484;0.4905378818511963;0.13126048136086865;289.5006905812594;0.10932368126918922;0.06655512425046713;1.291650052232473;0.4969432333381909;0.1422431706730394;34.79999923706055;0.5949912024171728
34;0.21980184316635132;0.41260313987731934;0.09069093064125866;374.89967033740135;0.09368945685464465;0.059412998343703574;1.2817088096847735;0.49694319166589285;0.1566915872629013;40.099998474121094;0.3906817243379705
7;0.07884198427200317;0.476148784160614;0.037540514951924564;186.4652098929489;0.16858307633985117;0.026166654763074608;1.468986065601424;0.22935846352302103;0.09061390289709635;30.899999618530273;0.7671136600630624
10;0.3105895519256592;0.21302318572998047;0.06616277580565111;151.14238902815015;0.07709342002333279;0.10199375993775125;1.165905311911008;0.11467926255916949;0.04128925249923241;35.5;0.33914498090744016
9;0.09437137842178345;0.09760743379592896;0.009211348071534786;977.0556850209688;0.028807633955949537;0.032091494482022996;1.2189975321213633;0.07645272558259619;0.029882914589800642;32.099998474121094;1.1618855794270833
15;0.12543034553527832;0.24031507968902588;0.03014280348273246;497.63121763351796;0.09032462492387765;0.033392584217860705;1.3455693699413893;0.38226398895810765;0.11576624630195308;39.79999923706055;-0.9232280135154725
8;0.09556597471237183;0.14483028650283813;0.013840847497515796;577.9992880808685;0.05820514839415829;0.03114251964563406;1.7297447587808445;0.11467919759258582;0.039568059266434044;27.0;-0.3886036239564419
22;0.19232654571533203;0.4861449897289276;0.09349858659138022;235.29767456429352;0.09710062269666567;0.05765507140330826;1.3935261543317938;0.6880753700330497;0.2399528267879728;40.900001525878906;-0.6551664539358832
20;0.13140326738357544;0.7499228566884995;0.09854231365449362;202.95849831701187;0.18800209428544612;0.03526872839574607;1.2136883099673312;0.22935848408637183;0.07111064156083002;45.400001525878906;-0.6076347678899765
6;0.15887844562530518;0.336836040019989;0.05351598646895894;112.11603103831787;0.12938046037589546;0.06044478549051812;1.6246221445964604;0.11467920833416101;0.04009218340694893;28.200000762939453;-0.7065520584583282
36;0.26519572734832764;0.7094238549470901;0.18813617521094805;191.3507594147427;0.1197093733956722;0.061852506384068626;1.2126264590623659;0.3440376476028355;0.11064399667028334;42.0;-0.7458049423164792
5;0.20785605907440186;0.386932373046875;0.08042623818982975;62.168766220279;0.17306974449517035;0.08372427305369849;1.590218353143975;0.11467920530522169;0.04358479972059395;26.899999618530273;-0.5087174713611603
45;0.44916021823883057;0.6952497661113739;0.3122785366770806;144.10212267176522;0.1623046097062117;0.10492347336016646;1.1416952460470355;0.3058112333440819;0.08255166109409191;47.79999923706055;-0.8415819995933109
7;0.17560255527496338;0.38279862701892853;0.06722041706027149;104.1350278104289;0.131396616945222;0.05924785668324804;1.5235952051128148;0.07645285723337758;0.034393648371741074;16.899999618530273;-0.4441184273787907
31;0.5339750647544861;0.5240579843521118;0.27983389612952436;110.78000352627507;0.13936568921460796;0.15536234087468462;1.0851366048820696;0.2675848297827219;0.062171243667768855;52.79999923706055;-0.6746432454355301
6;0.2054668664932251;0.2882418930530548;0.05922415855768648;101.31000838375411;0.11557398584985204;0.07721674383397095;1.5290561284884259;0.07645281907013102;0.034190733586228594;21.0;-0.471034695704778
47;0.7239124625921249;0.45018404722213745;0.325893842244267;144.21874214110534;0.11817820911105266;0.1601547052928932;1.0744059167216222;0.45871681099791206;0.10089668796403269;52.79999923706055;-0.5472020158108245
28;0.2126343846321106;0.6502191126346588;0.13825894089110768;202.51854830894962;0.15097822287090193;0.051803034245142245;0.9952517041213618;0.3822640355167264;0.10376935514400387;55.900001525878906;-0.3532760260360582
20;0.28669804334640503;0.254144549369812;0.07286274503147894;274.4886977749656;0.058320246075992975;0.0660004257719257;1.0588713705567956;0.22935849081152604;0.060884987140897476;49.400001525878906;-0.9609107822179794
55;0.6128169894218445;0.6001837253570557;0.367802783673298;149.53666051873583;0.13273632720435896;0.12168636418412235;0.975815831394297;0.34403772886365824;0.09065577646615276;43.79999923706055;-0.6012115608562123
46;0.4718571603298187;0.4455638527870178;0.21024249432169562;218.7949688687322;0.0958092704995891;0.09676105988538489;1.0271268350391032;0.3822640611827387;0.11271098997720229;36.20000076293945;0.22118151382259701
62;0.5698123276233673;0.4386449456214905;0.24994529746480687;248.0542767912239;0.10919667665735677;0.15812868015104048;1.0111500122180779;0.4969432463064257;0.1281315962219031;54.29999923706055;0.6336176433870869
38;0.714355930685997;0.5282056927680969;0.3773268692509957;100.70843901318518;0.13277300807359163;0.17483202100476616;1.0150116074701012;0.3822639535241805;0.09884570390021225;55.400001525878906;0.349557331518123
6;0.13020867109298706;0.5908810794353485;0.07693784012726645;77.98503298344639;0.20605226000391424;0.044865261230444445;1.165905312342211;0.11467926589400568;0.04009222467647075;22.700000762939453;0.471034695704778
46;0.3989880606532097;0.7332151532173157;0.2925440920237228;157.2412544098474;0.15533564330293992;0.10609644009317624;1.067846259238117;0.30581139770842514;0.08312802767197397;48.70000076293945;0.10444682512594305
47;0.367929145693779;0.5443463325500488;0.20028088109668118;234.67042756473487;0.13839831598449062;0.08213645162582066;1.0760325866289717;0.4204903810467582;0.09122206335345641;41.599998474121094;0.4209246254981832
41;0.7585551738739014;0.4747698903083801;0.36013915669296637;113.84488256286502;0.12670939493211672;0.15682569132533408;1.1579803186631739;0.4969433020876607;0.13467524151871593;35.79999923706055;0.47563016341953746
52;0.5303913354873657;0.761052817106247;0.4036558200414042;128.82261921719896;0.17480492455988905;0.1629565433422455;1.229125891725736;0.4969432391694587;0.15071336155157475;45.5;0.5326315439664401
36;0.5590611398220062;0.43991708755493164;0.2459405483956374;146.37683877197773;0.1019286767835516;0.13785766557654638;1.1924514184054038;0.535169647667146;0.1563667397992811;46.099998474121094;0.4945864395962821
37;0.5184455811977386;0.6563377976417542;0.340275430960423;108.73544380082916;0.14217159607337887;0.16472208048726852;1.2284106338367193;0.4587168664937816;0.1442064441187486;48.099998474121094;0.7485632566181389
24;0.3655399680137634;0.2520260810852051;0.09212560561852001;260.51389121262156;0.05365997259883456;0.12093343071498132;1.194575110106646;0.3822640049291821;0.11001377205408067;43.79999923706055;0.7889831190307935
11;0.18635374307632446;0.1355597972869873;0.025262075635097858;435.4353204737125;0.042833994751543196;0.06078285712255022;1.3135982289512425;0.15290574791426415;0.0491703117436766;38.599998474121094;0.7193984443491156
23;0.19591033458709717;0.39746153354644775;0.07786682202258532;295.37612300819;0.08804277610597057;0.059144144577430405;1.3163178921950685;0.26758487137908027;0.07630158096285283;43.400001525878906;1.019892525413762
8;0.0955660343170166;0.06814444065093994;0.0065122939537616276;1228.4457760662117;0.02203523509935679;0.03898123124547815;1.4191552097690936;0.07645288460001631;0.03190082640821417;39.599998474121094;0.3179484196007252
6;0.13857072591781616;0.06790125370025635;0.009409126015974323;637.6787801346813;0.023679451606457697;0.050049221670171035;1.4143769037627025;0.07645280385597153;0.034190731275912066;35.79999923706055;0.5652416398127874
14;0.2640010714530945;0.2929765582084656;0.07734612527767482;181.00454224099263;0.07172680808428257;0.0714165297765807;1.4799079071029122;0.19113192492229825;0.06259469465227713;36.400001525878906;-0.6258032470941544
19;0.17679715156555176;0.3678000569343567;0.06502600241164203;292.1908051447171;0.11077988902312919;0.050843132309170036;1.4827820611153497;0.30581128875542807;0.09999038500594962;34.0;-0.38674428117902654
26;0.5280021727085114;0.5437199473381042;0.2870853135394764;90.56541304550154;0.12561683552155986;0.10508082583364234;1.3144001745996319;0.3822640551587937;0.11343748017467743;41.5;-0.6848119887021872
42;0.4814137816429138;0.5767273306846619;0.27764448524172636;151.27258862510246;0.11993962066500928;0.14547943222494134;1.24508857174242;0.4969433023570423;0.15386825314219607;44.0;-0.6056160401730311
29;0.5100835561752319;0.29837608337402344;0.15219673368505937;190.5428539616999;0.08826499690110413;0.14174250541517544;1.1968818694288779;0.45871694573087796;0.14488026103594304;41.79999923706055;-0.5067683694691494
39;0.7716954797506332;0.6631331443786621;0.5117368499898376;76.21104479924495;0.11910150604677416;0.20289513345927596;1.1614945502101064;0.4969432237572693;0.14611957443728027;41.70000076293945;-0.4203078891986456
40;0.5554774403572083;0.3168506622314453;0.1760033948318096;227.2683435352162;0.09412278225735207;0.15420360999956437;1.1649496359039353;0.4587168762483995;0.13877208559679372;44.099998474121094;-0.47338987365365026
50;0.4945541024208069;0.7906765937805176;0.3910323531422648;127.86665757502954;0.20046357940081302;0.12392901551248818;1.1888411462355462;0.5351697033088644;0.14013393812754335;45.0;-0.4126263946294785
41;0.5351696535944939;0.6740801334381104;0.3607472315070037;113.65298585584296;0.15449825652463706;0.10617213416701232;1.134671526098068;0.45871689457458487;0.10414118090128192;47.20000076293945;-0.392911871032017
40;0.3989880867302418;0.5479070544242859;0.21860838735074828;182.97559615506253;0.13202064033241734;0.09599423162521681;1.109521358323804;0.305811213161135;0.08806231674479442;45.5;0.028262083977460863
36;0.5339750349521637;0.3880924582481384;0.20723168395772085;173.71860958937475;0.11614246125701748;0.15288491120632552;1.0406076314031656;0.30581130648929067;0.09412929421746791;54.0;-0.17271272506978777
50;0.692853569984436;0.677381694316864;0.4693263251495452;106.535681722239;0.15853344668161878;0.18459401970504855;1.0626940142468375;0.34403770581427473;0.10303633866020664;41.0;-0.1413104122877121
59;0.5686177611351013;0.4673715829849243;0.2657557831350559;222.0083390246167;0.11689696977030178;0.1121617194905129;1.0288733566147779;0.34403769034919607;0.10096007235023716;39.400001525878906;-0.04311165011535257
46;0.46110600233078003;0.6238693594932556;0.28766990633259937;159.90549928019072;0.13566521553138314;0.08788911250225166;1.067015256799392;0.382264066398885;0.11277360839812967;59.29999923706055;0.47922660928705463
69;0.8887639045715332;0.5901100635528564;0.5244685242101923;131.5617559774602;0.1126483131324091;0.1711000925255846;1.136265986220199;0.6116224963709191;0.13874162921106842;53.400001525878906;0.6881202580272288
40;1.0476423501968384;0.48198622465133667;0.5049491811562277;79.21589239615835;0.12674031840019373;0.2287161716977376;1.1764175543407094;0.611622486948551;0.17193438613924236;50.099998474121094;0.44512779265642166
5;0.2508607804775238;0.2903040051460266;0.07282588930668332;68.65690275259219;0.11243432733766846;0.10599590828249761;1.2614712960559558;0.19113205855562532;0.07151507080234014;20.100000381469727;0.7348141491413116
36;0.6164007782936096;0.6329421699047089;0.39014604614410864;92.2731381127534;0.13562753107386433;0.19568803349206831;1.1372354965561933;0.30581130266915146;0.0777389600931221;47.20000076293945;0.13345983293321398
34;0.6068441867828369;0.32806479930877686;0.1990842163486093;170.7819968031208;0.0639276460818058;0.12443866061708386;1.2333636625890507;0.4587168630629257;0.12099557553873637;41.5;0.37405696774230285
22;0.3488159775733948;0.5136275291442871;0.17916148868707182;122.79424647127028;0.1633502749616653;0.08093999102264747;1.5186307449794931;0.5351696275141651;0.15966507613968967;34.20000076293945;0.8992480608549985
15;0.2305530309677124;0.1497144103050232;0.03451711107536681;434.5670750732315;0.04159547509891887;0.058664414331849934;1.223244912810455;0.1529057089913033;0.05005010732655627;41.400001525878906;0.6406072000662486
19;0.15887850522994995;0.22505444288253784;0.03575631348053676;531.3746902443472;0.04794118904887336;0.04275043689825618;1.2896381414167564;0.114679191296859;0.03788960108193695;36.79999923706055;0.9966102556178444
5;0.04419928789138794;0.09429699182510376;0.004167859888969616;1199.6564503602128;0.039108434863315555;0.01816382040160947;1.7431239729094845;0.11467921405899784;0.04358479428527511;26.299999237060547;-0.5087174713611603
8;0.11587375402450562;0.43473631143569946;0.05037452841682111;158.81041969871092;0.1592031512606004;0.0471948855981307;1.2901411225022597;0.26758475696874306;0.10763681210131618;37.099998474121094;-0.5299140363931656
13;0.11826294660568237;0.3210659623146057;0.037970206758114244;342.37369532421354;0.1143765494037921;0.03601117718962685;1.249709362225808;0.19113195254291027;0.06316926355750112;35.29999923706055;-0.673941956116603
6;0.08600938320159912;0.4978538155555725;0.042820099600497485;140.1211126545416;0.17907729678498585;0.0324292826069769;1.6883328414396388;0.07645293659466001;0.028775826306143726;23.899999618530273;-0.3297242869933446
33;0.4623005986213684;0.7197484374046326;0.33274013346895615;99.17649444916995;0.15471345894888394;0.09517882645598585;1.3529830094653243;0.305811212453748;0.09311650062134873;33.099998474121094;0.3254421552022298
10;0.0680907666683197;0.23030447959899902;0.015681608583044238;637.6896826013445;0.08201719398875294;0.023464603244255287;1.200309057701866;0.11467924119196016;0.0448696964645327;38.099998474121094;0.7065520584583282
27;0.5100835561752319;0.5861223936080933;0.29897139488555524;90.30964320294075;0.15572985696327452;0.15595357021154496;1.2897871817604718;0.2675848363519209;0.08970687963015192;41.20000076293945;0.2512185043758816
42;0.6235682368278503;0.5121728777885437;0.31937473835364827;131.50695705147723;0.1948636309360094;0.1652380819077559;1.335193665752884;0.420490495991519;0.1314457016652686;50.900001525878906;0.033645333988325934
47;0.8529266715049744;0.44269299507141113;0.3775846627848267;124.47539487795292;0.12575731818095992;0.15901984893315843;1.34524408477218;0.4204904385324644;0.10712834804827666;58.29999923706055;0.2465415673053011
39;0.6235681474208832;0.44294387102127075;0.2762056890641684;141.19911914971266;0.10396173961391808;0.12568859049849707;1.3585075606558543;0.3058111657014442;0.08630336997088717;58.5;0.44929463817523074
22;0.42287956178188324;0.5237695574760437;0.22149144094016027;99.32663721278368;0.14625656819393462;0.11157021369104174;1.3900510258743008;0.3440376313260507;0.10718038282068072;46.29999923706055;0.3596992221745578
21;0.3607616722583771;0.17700958251953125;0.06385827299550328;328.85324038560765;0.05167126123294627;0.08992986090899074;1.4398611813422493;0.22935843820252555;0.06873668985606607;53.20000076293945;1.251606481415885
35;0.4945541024208069;0.5782846808433533;0.28599306127818735;122.38059148559296;0.15757570513919747;0.11432148173379272;1.4143769182702821;0.34403766166086114;0.09317505151038286;45.0;0.3875942690031869
45;0.6868806555867195;0.4740467071533203;0.3256135129881983;138.2006526296438;0.12440771271741001;0.1487104445274957;1.4483559404529616;0.382264123875919;0.11618169342876898;47.70000076293945;0.25121850702497694
37;0.7549714744091034;0.4611744284629822;0.34817353821647323;106.26884567257274;0.14602437431614457;0.1791018200418822;1.469133664029522;0.4587169289595199;0.11451647347547633;41.0;0.5194112360477448
40;0.8875693380832672;0.4200519323348999;0.37282521554308445;107.28888050593112;0.13180773311774574;0.2043691173408643;1.4592929481774257;0.4204904468408204;0.10419851603799041;47.20000076293945;0.42393123358488083
24;0.6474597156047821;0.4356505870819092;0.2820662052151093;85.08640722023797;0.12369808626253309;0.16705045521957507;1.4414539604606647;0.26758484616600486;0.0671430638120721;36.400001525878906;0.48281056930621463
29;0.25563907623291016;0.39516186714172363;0.1010188146785822;287.0752353635418;0.10462039056521104;0.08428100842381679;1.5303742820824267;0.19113208873447296;0.05999298849452851;42.70000076293945;0.4190584585584443
28;0.35359424352645874;0.39458560943603516;0.13952320007496155;200.6834704547807;0.13866947753497913;0.1225548724626327;1.5317865826042296;0.2293583267209931;0.0681662949612593;47.0;-0.42393123358488083
9;0.08362025022506714;0.13611960411071777;0.011382355356275298;790.6975066490204;0.04296755230501715;0.03406110114874987;1.5333034849935716;0.07645292507053725;0.0298829932132606;50.599998474121094;0.4710347023275163
5;0.12065213918685913;0.015479803085327148;0.0018676713564360625;2677.1305255444545;0.0055204017193056934;0.04323967754226729;1.6590259189389236;0.03822665175535689;0.02093754137951358;31.5;-0.33914498090744016
32;0.6295410394668579;0.7789328694343567;0.4903702082986072;65.25681915103995;0.16136549336398692;0.17242855898021728;1.623427553761788;0.5351696171566884;0.121653835794774;36.29999923706055;-0.03532760217785835
23;0.22935837507247925;0.338966965675354;0.07774491245054804;295.8392938525699;0.10383692914047454;0.0592694115251099;1.6055089041182848;0.30581129760621506;0.09148236670681192;35.400001525878906;-0.27033295579578565
4;0.13976526260375977;0.10139882564544678;0.01417203349404872;282.2460165423491;0.043688380677814366;0.07150839295836209;1.8730937560221321;0.3440376167075694;0.14968618316091495;18.0;-0.49458643049001694
34;0.33687013387680054;0.49862635135650635;0.16797232573596688;202.41429563488975;0.12502931332072179;0.09448296565942019;1.6426110171956803;0.3058112591649411;0.0914752457974221;42.099998474121094;-0.2909331979120479
28;0.31536781787872314;0.6771708130836487;0.213557881653351;131.11199541419802;0.14665093097647625;0.09513978725431088;1.5563606881458172;0.305811220409818;0.08695648199379011;34.5;-0.4542120375803539
29;0.3297027349472046;0.5388104915618896;0.17764729268620272;163.2448182096745;0.1523334680690155;0.09696705025851804;1.511920148623839;0.38226402586301367;0.1064600678944953;37.099998474121094;-0.34109409513144656
8;0.09317690134048462;0.0679546594619751;0.006331804600314683;1263.4628680111844;0.022194252369150236;0.031160131227888122;1.2566929912659799;0.07645285058368656;0.03190082217030138;37.599998474121094;-1.0951556712388992
15;0.2233855128288269;0.23933172225952148;0.053463239513149574;280.56661243489873;0.07627462313980929;0.08558345190044049;1.195212205391145;0.22935843163884817;0.08358351930272338;42.900001525878906;-1.2058488408724466
30;0.6522379517555237;0.6656379103660583;0.43415430726798476;69.09985573742631;0.11842916557141994;0.13536565579193616;1.1442436670314733;0.3058113038760487;0.09142058994477828;43.29999923706055;-0.8384417702754339
16;0.27236318588256836;0.3465483784675598;0.09438702042186264;169.5148329557181;0.0924730218537786;0.08519577835732466;1.039280336476142;0.3058112454152052;0.10277975548494409;32.29999923706055;-0.9008538573980331
30;0.45154938101768494;0.5633276700973511;0.2543702607425935;117.938315243377;0.12776638166531284;0.10806404165451988;1.1098398990832303;0.6116224463317401;0.17285406110597587;32.70000076293945;-0.791338300704956
23;0.33089733123779297;0.32223424315452576;0.10662645109326263;215.706325814808;0.08667425690561495;0.07935935601188737;1.0902834999781106;0.6116224602809585;0.16657303408411056;35.20000076293945;-0.8355745932330256
22;0.462300568819046;0.5397122800350189;0.2495092940588135;88.17306819366108;0.15168408555981303;0.15172067891215563;1.0182123761331523;0.34403764164094874;0.11887732252616637;32.900001525878906;-0.8992480635643005
24;0.40257176756858826;0.4294935166835785;0.17290196417055714;138.80698299254414;0.12994474232401435;0.0959967133149172;0.8600940656569298;0.458716814370133;0.11605596701952321;34.70000076293945;-0.6830003249148527
46;0.26639026403427124;0.48295751214027405;0.12865517917638236;357.5448753363857;0.10861941781803436;0.06564520628385319;0.7828102476118862;0.45871690021471867;0.11726616917765481;45.79999923706055;-0.940021425485611
31;0.4730517342686653;0.3224402368068695;0.15253091321948875;203.2374903269061;0.05997065603018593;0.0921958623879939;0.6202542221458012;0.6498488323605038;0.16972685534409532;57.20000076293945;-0.87521285683878
29;0.7597497813403606;0.31489869952201843;0.23924421810621743;121.2150505853598;0.0938516917535014;0.22519505757490127;0.6669848293413021;0.5733960106981899;0.19534140883706122;32.5;-0.24363863673703423
34;0.5017215451225638;0.6159999817609787;0.30906046264458936;110.01083642037715;0.10075269058106213;0.16091329416179645;0.5913849430217248;0.5733960136060685;0.15355156911362172;42.0;-0.16624754404320435
41;0.6558216959238052;0.7418390661478043;0.4865141544635849;84.27298491491024;0.17174446057306603;0.16762851317722188;0.7001958271696909;0.5351696669418062;0.16715891590993848;38.5;-0.5514552593231201
28;0.4921649657189846;0.8380098342895508;0.41243908136528873;67.88881380327045;0.16333680406595866;0.1362053194355854;0.6635011398593228;0.6880752098184323;0.15543811787492035;36.0;-0.7570200509258679
6;0.26519566774368286;0.24551498889923096;0.06510951142221444;92.15243470484538;0.0958354857495812;0.0902833233838131;1.1977606357273654;0.11467917390161131;0.04629445469278444;20.799999237060547;-1.0833798050880432
50;0.48858120292425156;0.8517893254756927;0.4161682532789508;120.14371496637399;0.1776761923810685;0.13683308157097396;0.6093288716824926;0.7263017592796606;0.16944859243337534;40.5;-0.36175464987754824
55;0.3954043686389923;0.5391338020563126;0.21317586061401572;258.0029457443359;0.1473364586601097;0.08431639563368921;0.5727010258536349;0.34403766534026803;0.09377694344349335;46.0;0.32372930429198526
47;0.4838029146194458;0.6651007831096649;0.32177769738413176;146.06357240443654;0.19036889181259348;0.16470852249729329;0.6108091219947439;0.5733961048980829;0.18496437090578532;37.900001525878906;-0.06013208881337592
56;0.44079824164509773;0.6520812809467316;0.28743628205100225;194.82578747683442;0.18086015806623965;0.1151843608529834;0.6798838863576072;0.6498488459633993;0.2214270640092913;45.099998474121094;0.2321528164403779
45;0.6259573623538017;0.5246356278657913;0.3283995338157014;137.02820913641767;0.13422598476939865;0.11781398330603658;0.7042152958461407;0.6880753118909715;0.19669617728790484;38.20000076293945;0.70969228082233
35;0.3297027051448822;0.43575485050678253;0.14366955299208994;243.61459523666093;0.09758546009351596;0.0763684038199324;0.8071231927237336;0.611622553481899;0.19130540239926755;39.79999923706055;0.7913382964474814
32;0.32611900568008423;0.5796182006597519;0.18902451127323783;169.29021418679142;0.1433224410646958;0.09468139836321358;0.92460112528579;0.4969432600150665;0.1252631210294706;37.599998474121094;1.0333323692902923
9;0.1349869966506958;0.4234788715839386;0.05716414102014156;157.44135815543675;0.13014545860261933;0.038721465487546194;1.240234430772746;0.1146792099311218;0.043210669745639155;31.200000762939453;0.37682775656382245
22;0.3117840588092804;0.28438544273376465;0.08866684760180732;248.11979443319657;0.06288229143757693;0.09198386919718828;0.8757321342842317;0.3440376140261022;0.10611272148890356;34.599998474121094;0.7579376589168202
24;0.45752233266830444;0.3208708167076111;0.14680556454525018;163.48154155016672;0.09392366918523083;0.12230809468496345;0.7836412593738951;0.496943304662096;0.15081378190262806;34.900001525878906;0.7772072528799375
5;0.07884198427200317;0.35773777961730957;0.02820475639408926;177.2750641820054;0.14459244340113694;0.03671642568435788;1.2538260189842647;0.07645287927796596;0.031982531811206985;27.0;0.4521933078765869
17;0.19352126121520996;0.4745664894580841;0.09183870557040308;185.10713859057918;0.11221238354712583;0.05815120717122569;1.1670296068493142;0.26758488516002044;0.09850036717143747;26.299999237060547;0.6151158984969644
7;0.09317684173583984;0.0683961808681488;0.006372940120087378;1098.3941270585835;0.027774643001162027;0.03745149320944548;0.7153798204062989;0.11467917181194676;0.04253440494199169;27.399999618530273;0.726739261831556
5;0.10392802953720093;0.20045635104179382;0.020833033571991066;240.00345330035088;0.07616073647497176;0.0394119247081146;1.2003091066060465;0.03822637578488508;0.020937438012515668;31.299999237060547;0.7348141431808471
6;0.2413041591644287;0.21198809146881104;0.05115360816475345;117.29377878243594;0.0796074652982776;0.09719662810366275;1.828496322917185;0.0764527589679016;0.02877575597816485;37.900001525878906;-0.6123451143503189
13;0.4372144937515259;0.24468672275543213;0.10698058161723623;121.51738010279708;0.061574938589079434;0.12640392736027303;1.787819500313573;0.11467925335264795;0.04174051304833204;42.0;-0.565241644015679
18;0.32253527641296387;0.14323532581329346;0.046198445403291544;389.6235001604088;0.048884999732615085;0.10442096763642778;1.726559227729423;0.19113198931930397;0.06184704496080034;46.29999923706055;-0.7693566795852449
23;0.36315084993839264;0.3083759546279907;0.11198699002371804;205.38100001731243;0.07975733534259173;0.07386497000556158;1.6453973452871085;0.5351696722285728;0.11143519962271753;46.20000076293945;-0.6143930917200835
17;0.3010329306125641;0.26146697998046875;0.07871017124193713;215.98225149003773;0.09168031319021235;0.11087572394757152;1.6167519974782507;0.19113205374255027;0.05366133805718483;49.400001525878906;0.31587033236727996
15;0.14095985889434814;0.2963958978652954;0.041779923939955665;359.0241097987005;0.10836607854582135;0.04362002347655481;1.590218401045736;0.1911320445184912;0.05367276232089277;39.599998474121094;-0.4521933158238729
25;0.6367085427045822;0.2908109426498413;0.1851618114971263;135.0170415695463;0.08097104930226563;0.19202966139254904;1.6070379837925068;0.34403764055521924;0.08722547979651131;38.29999923706055;0.10174349427223206
22;0.5017215311527252;0.6747994422912598;0.3385614094073759;64.98082589657577;0.18076477677612052;0.11443445132967132;1.7132378956227527;0.49694329614212207;0.1433393580880863;37.900001525878906;-0.34685282138260926
9;0.13976526260375977;0.22666025161743164;0.0316792295891446;284.09781793064803;0.07699273098971285;0.05306939815493025;1.5757772672901467;0.15290565826825686;0.06832207676310355;26.100000381469727;0.37682775656382245
36;0.3559833765029907;0.41712498664855957;0.14848956117091916;242.44128486959525;0.13037752611091896;0.10174310187734531;1.6033852374044646;0.2675847149786932;0.07532192630382668;39.0;-0.36897718492481446
27;0.4826083779335022;0.46009111404418945;0.22204382625048424;121.5976163621938;0.11107772210594805;0.14211690971901722;1.5276403284174649;0.34403774476216986;0.09149891438707572;30.700000762939453;-0.38729519755752
22;0.4240741729736328;0.556502640247345;0.23599839692053592;93.22097220604307;0.15642668772327045;0.13168081611205285;1.60377136892762;0.38226410555229573;0.10842731639099439;35.20000076293945;-0.4753168360753493
27;0.22816389799118042;0.6637426018714905;0.15144209930580743;178.28595960941368;0.1542054295391888;0.0747303511210529;1.553124598927675;0.3058111573792699;0.09190748003717919;40.29999923706055;-0.24075106779734293
11;0.1839645504951477;0.25393807888031006;0.0467156045348176;235.46735848835246;0.07503860878042254;0.056217299069041125;1.4838794833938342;0.19113190673417768;0.05876971356077566;39.20000076293945;-0.4624704366380518
21;0.1839645504951477;0.1677291989326477;0.030856226686555743;680.5757623355106;0.04566488128596576;0.0490967424318704;1.4252987554995553;0.15290563469947616;0.052889169800129365;56.29999923706055;-0.686364852246784
17;0.10273337364196777;0.4256354570388794;0.04372696644324492;388.7761119231772;0.15200767396919038;0.03518198526122772;1.4368630275670304;0.30581117890158716;0.10297989835219616;37.79999923706055;-0.6483654134413775
8;0.09437137842178345;0.10407233238220215;0.009821449462478427;814.5437219386978;0.03621962432920193;0.03484763320314965;1.4621599212656455;0.11467909755756689;0.03956804922653041;34.099998474121094;-1.1304832696914673
20;0.3177569508552551;0.4783991575241089;0.15201465758658372;131.5662602378228;0.132801632918889;0.08750574023606221;1.37806184365401;0.38226396076253977;0.10630931965526708;36.599998474121094;-0.7913382902741433
24;0.24010956287384033;0.35864126682281494;0.08611319780534643;278.70292372895636;0.09186756408500237;0.06174018571439194;1.278991741373626;0.38226405802806496;0.12347169152487669;48.29999923706055;-0.5063623028496901
20;0.2723631262779236;0.29687708616256714;0.08085837130751727;247.34606543009397;0.09174800348066615;0.0857278542148844;1.3188109063837696;0.3822640465979854;0.1205639544688516;31.799999237060547;-0.6076347678899765
14;0.17201876640319824;0.15282654762268066;0.026289034195713157;532.5414351769119;0.04593624139286203;0.057058864558220714;1.1413311778043547;0.2293583864815314;0.06847532577856326;43.20000076293945;-0.6056160437209266
24;0.45035481452941895;0.854241818189621;0.38471191559406037;62.38434274368636;0.23129381360055426;0.12959466981082834;1.3331458140212769;0.5733959557006385;0.1555063544931133;32.599998474121094;-0.8831900532046953
21;0.32492440938949585;0.4737752079963684;0.15394112964160556;136.41578471517428;0.1418542152220281;0.08741288200023892;1.179557591826436;0.4969432339240565;0.09915733735648931;38.400001525878906;-0.8478624551069169
13;0.2484716773033142;0.5724261403083801;0.1422316832146855;91.40016982276522;0.12180497716508577;0.07355379135306281;1.0879822499353105;0.19113212232845778;0.05966134745301698;38.900001525878906;-0.36958107123008144
15;0.22696924209594727;0.24410954117774963;0.055405357549503265;270.7319411592622;0.06901924810850633;0.06520934247770517;1.0448550089676962;0.22935845656221943;0.07869530832110903;35.900001525878906;-0.4333519220352173
15;0.36912375688552856;0.14114180207252502;0.05209879223460412;287.91454382385797;0.045011302234344956;0.10225756383646237;0.9582085019438539;0.2675848962342966;0.07572118730634463;41.0;-0.5840830306212107
27;0.5136672705411911;0.2871418595314026;0.14749537524361767;183.05658706521598;0.06656696368860511;0.13966940803002525;0.8296545181468965;0.535169641597111;0.14606857951463215;34.599998474121094;-0.6594485817132173
19;0.22935843467712402;0.26186972856521606;0.06006203103304131;316.3396187775889;0.08240948262777242;0.06738647456876172;0.7303254892073923;0.3058112017413316;0.11389410165294445;44.0;-0.7139894334893477
28;0.19113200902938843;0.2897009551525116;0.0553711255760323;505.6787216931699;0.07029394566247268;0.04738431332518916;0.6976318457952276;0.3058112236521281;0.10012917748497176;25.899999618530273;-0.43402482994965147
36;0.41093385219573975;0.36640915274620056;0.1505699246177734;239.09157218074697;0.09149528476762707;0.10677786486169483;0.7178068915295036;0.30581122442385467;0.10180045472865117;41.599998474121094;-0.8164601466721959
34;0.3965989053249359;0.46155035495758057;0.18305036552851206;185.74122975298914;0.08954394216168021;0.09183866396414798;0.6464759365420196;0.42049043710408474;0.09141827670695202;44.400001525878906;-0.8894243477021947
49;0.4646896831691265;0.9111588001251221;0.42340609414690444;115.72814061339189;0.23539846038189638;0.11610190815627836;0.7138195742852206;0.6880752347193706;0.2188145495064003;59.20000076293945;-0.5883127262397688
23;0.3965989388525486;0.3917604684829712;0.15537178608472368;148.03202421486088;0.10292598816290717;0.14507828666994413;0.5251975393886308;0.3440375975559939;0.09017880518641619;51.900001525878906;-0.29490868423296057
9;0.3942098021507263;0.2286621332168579;0.09014085429478058;99.84373978271833;0.0792094550084345;0.10408067690654467;1.0533497709202055;0.15290564552100394;0.05096854717731599;23.600000381469727;-0.471034695704778
35;1.0571989119052887;0.2953554093837738;0.31224941742586676;112.08988086682207;0.07330661761667343;0.2868340591600726;0.6061615409303898;0.6498488364669135;0.21367053643770403;50.29999923706055;-0.4764179570334298
52;0.48021919280290604;0.8021342009305954;0.38520023849049456;134.99472431215327;0.23052638111660406;0.15852823380848535;0.5880985112273585;0.6880752623100721;0.22445319010192122;44.5;-0.5380665642710832
64;1.1157331764698029;0.7151792198419571;0.7979491826994622;80.20560881269154;0.2057508696029064;0.2130132862921367;0.619984475506882;0.6116224911926087;0.20876098042668;53.400001525878906;-0.6049851882271469
48;0.38106947392225266;0.6918722689151764;0.2636514015369016;182.0585808389179;0.19800929240043558;0.06998099665359982;0.529594960792067;0.7263016569700004;0.2166706000397476;30.899999618530273;-0.32383635950585204
5;0.16007310152053833;0.18555152416229248;0.029701807964521265;168.33992078773412;0.07362890110515037;0.06626718055269475;1.4755391655102659;0.03822641555100681;0.020937449216518113;20.5;0.7348141431808471
56;0.5805634781718254;0.7897077202796936;0.4584754608247219;122.14394179192321;0.2492280763255736;0.11467545729990312;0.6068441565815024;0.7263017104259359;0.244612331165162;46.599998474121094;0.5854288382189614
41;0.444381907582283;0.698477566242218;0.3103907932901473;132.0915468058809;0.20803251248525287;0.13418020549916457;0.6097577500130746;0.5733960539466876;0.18050619647216004;40.900001525878906;0.4549505914129862
9;0.09556597471237183;0.16735324263572693;0.015993275753759306;562.7364986741069;0.07132264361285785;0.03366838987083911;0.5649012851480317;0.1911319936644879;0.0597659003084495;38.79999923706055;0.6908509002791511
33;0.4742463231086731;0.5671575963497162;0.2689724046920059;122.68916596774133;0.09812793368489321;0.11527109408048081;0.6846001272005028;0.5351696111876552;0.1591579020723347;39.900001525878906;0.6594485775990919
42;0.3954043686389923;0.43139035999774933;0.17057363293185768;246.2279736797219;0.09763183473854195;0.0727198975766136;0.68079403064929;0.5351696137999011;0.12727029321471967;42.599998474121094;0.7738427165008727
21;0.388236939907074;0.4750026911497116;0.184413591259589;113.8744701871753;0.12978010486022315;0.09753662914133834;0.8737463600912593;0.4587168919277932;0.1269471935428579;34.599998474121094;0.5921579131058284
26;0.32492440938949585;0.3881455659866333;0.12611796878535841;206.15619051278642;0.10159567587750656;0.09262401402979314;0.796873480801641;0.3822640101085989;0.14042875901018767;28.799999237060547;0.6087217640418273
9;0.14932185411453247;0.5433402210474014;0.0811325692217979;110.9295574678038;0.18091956363849787;0.052292505770281314;1.274213461142122;0.2675847342804394;0.08547681306145913;39.29999923706055;0.7536555197503831
8;0.0692853331565857;0.207340806722641;0.014365676870733424;556.8829141840198;0.07286973233238904;0.025427079148129247;1.1754618720915042;0.15290564047270228;0.06380163208102597;31.0;0.3886036239564419
6;0.0955660343170166;0.5083554983139038;0.048581518997110607;123.50375459352868;0.18159188275070884;0.03384184774524838;1.4016347786313101;0.11467923234860056;0.046294486262451646;35.29999923706055;-0.6123451143503189
10;0.19352108240127563;0.281566858291626;0.05448912318492205;183.5228650323951;0.07297512435110011;0.058033462640530484;1.3226335578792743;0.3440376301966206;0.10691251962852281;41.900001525878906;-0.9326487064361573
13;0.17560261487960815;0.33747777342796326;0.05926197947769829;219.3649303410834;0.08878747027922744;0.055135265047705835;1.2085424410372112;0.1146792697740171;0.04560133898013171;38.29999923706055;-0.8696025220247415
36;0.2855035066604614;0.1820715069770813;0.05198205370491138;692.5467047601207;0.04896816356318934;0.0767458288287196;1.1000709357008565;0.19113210865362462;0.05641184040586436;54.0;-1.397402940524949
23;0.4861920177936554;0.3741520643234253;0.1819097471150677;126.43632551174547;0.10314269155940478;0.14642915492394987;1.0653532367083647;0.42049039235115915;0.12483150052655904;34.29999923706055;-0.6758324037427488
19;0.46827346086502075;0.5045890957117081;0.23628568216367274;80.41113547810691;0.15383678122377786;0.12827759972243666;1.060279715843081;0.34403766129085933;0.0881347913325953;40.599998474121094;-0.7139894413320642
35;0.2687793970108032;0.40480145812034607;0.10880229182268053;321.684400334516;0.09107550042971438;0.05383138525037169;1.0200988721875737;0.26758485541843813;0.06203537962882254;39.599998474121094;-0.6136909186840057
49;0.4348253607749939;0.5641442388296127;0.24530422217822068;199.75196335756533;0.1174370925170398;0.13153427028640957;1.0235314447498836;0.6116224956491317;0.13202074601124145;34.70000076293945;-0.6459904459058022
36;0.346426784992218;0.32859981060028076;0.11383577593530703;316.2450442684981;0.09175310111103567;0.11900011467873924;0.9163718295947602;0.382264125841567;0.10597005859429065;43.29999923706055;-0.7772072537077798
27;0.23891499638557434;0.22730842232704163;0.054307390898675756;497.1698981152559;0.06624985948019352;0.07463120767795099;0.7716070239433322;0.3058112341625865;0.08872697595339162;46.29999923706055;-1.0990809665785894
5;0.23533129692077637;0.39419591426849365;0.09276663574567579;53.89868846497507;0.1506264902430985;0.08646281540688422;1.3073430130394228;0.07645285296504545;0.03198251285243955;18.399999618530273;-0.4521933078765869
38;0.8003653213381767;0.49928826093673706;0.399613009405011;95.09199927344382;0.09804191236836556;0.18874685667308982;0.7584923180845164;0.6116224608491065;0.1659187075319605;59.70000076293945;-0.4536807905686529
10;0.10990095138549805;0.18033206462860107;0.01981866546799438;504.5748421430914;0.053110520998634864;0.0318901694822435;0.9136110305918914;0.07645290078235145;0.033470880373451396;22.600000381469727;-0.3108828991651535
8;0.16126763820648193;0.2015860676765442;0.03250930902952831;246.08336008414003;0.07500890914792646;0.05583349642367131;1.2710279080329168;0.11467927074078332;0.03956810993453803;23.899999618530273;-0.3886036239564419
8;0.30461664497852325;0.10300719738006592;0.03137770687455621;254.9580832016472;0.03830476559925208;0.11602487608919251;1.3235892186927631;0.11467927333087347;0.03502018732832757;29.299999237060547;0.42393122613430023
5;0.2221910059452057;0.2854723483324051;0.06342938824551725;78.82781370437331;0.11470035452439399;0.10312997844207797;0.9097883706330704;0.11467924180367262;0.04984114503130989;23.200000762939453;-0.9609107971191406
45;0.43960363417863846;0.3698866665363312;0.16260352284359336;276.74677161382925;0.10428427121137367;0.13455991803634768;0.7390437947596504;0.30581123243948616;0.09256503320409883;46.599998474121094;-0.33286452028486463
33;0.5351696461439133;0.47841060161590576;0.25603083237828095;128.89072653266655;0.11913855932299348;0.1326728427704443;0.766844813841638;0.38226405849190104;0.090631354281986;46.79999923706055;0.6166272389166283
4;0.06331250071525574;0.2719535082578659;0.017218056686092442;232.31425432760503;0.11361162090269356;0.02986239601997418;0.7454148529300496;0.11467922278920961;0.049350079088186616;35.0;0.49458643049001694
40;0.6438759416341782;0.2110864222049713;0.1359134688634156;294.3049010116684;0.06348397978125224;0.20712806958866672;0.6890309151423197;0.34403760499092806;0.10619310927541153;40.099998474121094;0.17663801237940788
41;0.5733960662037134;0.6583559215068817;0.3774986955539667;108.60964682231251;0.12529438455672476;0.18443582535116831;0.7318957674690977;0.6498488782944571;0.14111730549078086;48.70000076293945;0.1033978629402998
44;0.4766354411840439;0.5596302151679993;0.26673959450652074;164.95488823622836;0.1333011211288536;0.12130220539352232;0.7506275556313077;0.42049042682667037;0.11544441223338765;60.29999923706055;0.2761976190588691
12;0.1349869966506958;0.11972856521606445;0.016161799431813506;742.4915802617089;0.03679138310585086;0.03884024936834439;1.3219964640366058;0.1146792529061329;0.04142306044107998;33.0;0.7301037882765135
46;0.3846531808376312;0.6189775466918945;0.23809168220211063;193.20288543701264;0.11976735548371084;0.09537601215131468;0.7861342877577475;0.42049042814199344;0.1183447724150866;40.70000076293945;0.7249838437723077
46;0.39062607288360596;0.46713054180145264;0.18247336906789258;252.09158045898113;0.11088332362027736;0.08926493562712737;0.9207577089474684;0.38226403740494275;0.11363414745750447;43.400001525878906;0.7802792204462964
35;0.464689701795578;0.3553657531738281;0.16513480587070717;211.9480494463618;0.10288252282346763;0.11356570789074048;0.9654897216878743;0.38226410524531607;0.10904791282769487;43.599998474121094;0.5248672340597426
38;0.5483100116252899;0.36359068751335144;0.19936041409729288;190.6095559244527;0.0888461763175222;0.15758754143235787;0.9918745686829024;0.4587168277600814;0.13418219191303835;39.70000076293945;0.542929472891908
19;0.42287954688072205;0.6599691212177277;0.279087442935821;68.07902139964514;0.1912556922317861;0.14407845622542326;1.0361367229520122;0.34403764088515;0.11173532327466666;30.200000762939453;0.7883633406538713
31;0.468273401260376;0.702976331114769;0.32918511757665314;94.17193653288844;0.1284481590763293;0.128702342853912;1.1048663616942265;0.6498488189534625;0.15895163105155247;34.5;0.68376005368848
41;0.3894314765930176;0.33349868655204773;0.12987488594579588;315.68843892661135;0.06596052632270151;0.11421099869963078;1.0777981008191175;0.4587168903055694;0.12094882716853457;35.0;0.8685420271826954
7;0.1624622344970703;0.2792181670665741;0.045362407333811916;154.31279800669637;0.0862680561692055;0.059619996192025744;1.1413311865659888;0.1529055743617258;0.05142159940418375;35.20000076293945;0.7671136558055878
19;0.16604596376419067;0.1837945580482483;0.030518344525734875;622.5763649787123;0.049275462467866266;0.04227459556309431;1.219221077495262;0.191132084201743;0.05237426014754679;43.79999923706055;0.475992960365195
8;0.10631716251373291;0.17381572723388672;0.018479594919767806;432.9099222538867;0.055583606499514;0.04047696042372619;1.2614713200785732;0.11467919786621383;0.0408657339121854;44.29999923706055;0.4592588320374489
6;0.11945748329162598;0.2090616226196289;0.024973975291004535;240.25009755500002;0.07912707809413069;0.045139530032557745;1.1404210090887401;0.1911319182749096;0.06584118364828304;36.0;-0.471034695704778
37;0.4993324279785156;0.5270605087280273;0.2631784035147575;140.5890434240181;0.14996829114491658;0.11574560438044898;1.2108471554389062;0.3822641333936072;0.09365861716968023;35.599998474121094;-0.015276800941776586
33;0.3416484594345093;0.4622844457626343;0.15793876871533996;208.9417327260374;0.11476625975779013;0.09767010152839431;1.1850185048254198;0.49694325776803505;0.12012460711621004;49.400001525878906;0.11133547443332094
41;0.6128169894218445;0.21718305349349976;0.13309346499532992;308.0541933553134;0.04613702969140757;0.12392358116565065;1.242824286435222;0.3822641733098162;0.10297102318599577;55.29999923706055;0.49630973469920275
49;0.5112781226634979;0.2521470785140991;0.1289172849377742;380.0886748712658;0.05402700085891761;0.11447918842062486;1.2396276686676084;0.30581132231256913;0.08183783806196192;53.599998474121094;0.6690615318259414
46;0.7513878047466278;0.6656249165534973;0.5001424448337897;91.97379761537135;0.15058554989875048;0.17546278137488425;1.332107069658799;0.30581122514705017;0.08489259805993711;52.5;0.7188399103672608
18;0.2616119384765625;0.552509069442749;0.14454296868279926;124.53044353545242;0.10925994130173922;0.06349128698953367;1.3464188842773577;0.2293584983258079;0.06882695192022287;57.79999923706055;0.7065520518355899
34;0.49694323539733887;0.6268331408500671;0.3115004890683082;109.14910631984344;0.13823436137229078;0.13972893374347595;1.3783991488388796;0.38226397388768785;0.10686050747306251;50.599998474121094;0.5569292657515582
47;0.5925092399120331;0.38633763790130615;0.22890862018231317;205.32210609878769;0.08567802402440798;0.15247824980851882;1.4436567197939707;0.42049049647459413;0.11050720645846722;42.70000076293945;0.5171359720382285
58;0.3464267775416374;0.3589482307434082;0.12434927888071101;466.42811701095377;0.08285106989793843;0.09652821057846749;1.474352829826614;0.49694325490097535;0.12730969460532215;46.79999923706055;0.5652416374148994
42;0.6235681921243668;0.36218035221099854;0.22584414745117876;185.96895458218253;0.08264704306731133;0.13956767834066727;1.544528712636648;0.45871690804013054;0.14403810569864278;43.79999923706055;0.3229952241693224
28;0.2974492087960243;0.28570592403411865;0.08498300105228562;329.47765615823636;0.0784226238723135;0.07257427127990576;1.4840035897083315;0.45871700692192396;0.11304105448450953;41.400001525878906;0.3532760271004268
34;0.5530882477760315;0.3793889284133911;0.20983555764178874;162.03164221595637;0.08812021609049167;0.09949661430548143;1.530180438918423;0.38226402962231143;0.12032636598366671;42.20000076293945;0.5070550029768663
38;0.38226403295993805;0.39456987380981445;0.1508298712470335;251.9394844391434;0.10172227133420138;0.10991147337617296;1.6195923502527934;0.5733960532741653;0.1600781584723868;41.20000076293945;0.832987683384042
6;0.09317685663700104;0.053153276443481445;0.004952655218961155;1211.4713693432775;0.025062296424140307;0.038039292432852125;1.4780875480631455;0.038226440671846884;0.019740013361315163;39.29999923706055;1.0833797951539357
13;0.173213392496109;0.14872348308563232;0.02576089904910006;504.6407726384901;0.048783534827947915;0.056064486406514555;1.817224412668907;0.34403764524499425;0.12832478861905716;34.5;0.7826422773874723
5;0.3201461285352707;0.27149367332458496;0.08691764843668537;57.52571646760806;0.1345386303858276;0.13671597647062758;2.0259994122895466;0.1911321014382743;0.08964891255664238;25.100000381469727;0.6782899737358093
8;0.19591030478477478;0.4651615619659424;0.09112994337890967;87.78673291540144;0.18186167128335096;0.062445019370846754;1.9591031586687886;0.1529056481306399;0.05688270650806093;48.29999923706055;0.3532760217785835
7;0.20307773351669312;0.26606929302215576;0.05403274898532828;129.55106174406814;0.0905581523308011;0.10491812143034153;2.0587648046815494;0.07645302193695525;0.026378770445218285;26.100000381469727;0.3229952199118478
16;0.45035481452941895;0.5116013884544373;0.2304021484103913;69.44379690201876;0.1367096932127433;0.12980796489113533;1.999718714406592;0.4204903327441871;0.12847616109424453;46.70000076293945;-0.5829054433852434
28;0.4945540726184845;0.3249506950378418;0.16070568963117182;174.23154129926266;0.09063962280163908;0.12703141180811098;1.8689980940281115;0.4969432227501709;0.14872110463216595;48.0;-0.7671136547412191
12;0.30342209339141846;0.20212841033935547;0.06133022539904687;195.66208866707495;0.0584993215745747;0.10959100709086261;1.7233736608413868;0.1146792318980443;0.0344166110060982;43.20000076293945;-0.8714142094055811
38;0.41093379259109497;0.48865824937820435;0.2008061876979106;189.23719650096916;0.09318126091581326;0.1209857188692457;1.6326697847584564;0.26758497847248197;0.08332812873450078;51.70000076293945;-1.0932963278732801
31;0.4073501229286194;0.41123950481414795;0.16751846283914773;185.05422909572894;0.11343038083915825;0.11516056244396196;1.638802890554879;0.496943207555276;0.13009785539264546;48.0;-0.8022784571493825
36;0.43004703521728516;0.6892377734184265;0.2964046610183573;121.45557993695115;0.17927356806604874;0.08625972544940338;1.5779009868328084;0.45871670495821726;0.10835630566666911;46.900001525878906;-0.8321613007121615
49;0.4766354560852051;0.48731565475463867;0.23227191936143754;210.9596378878295;0.1587791564540761;0.09893034269632169;1.4947303784401254;0.3440377644525594;0.10270416658725155;45.400001525878906;-0.830559138740812
37;0.3105895519256592;0.5080509185791016;0.1577953071569027;234.48099101711117;0.17319308410105805;0.07932935258527644;1.4267746653292634;0.34403773185556785;0.10235593501541336;45.400001525878906;-1.1686752833224632
33;0.35359424352645874;0.46829670667648315;0.165587019743203;199.29098338249779;0.1326376786156795;0.10580299858643838;1.359933263065421;0.4969432732727894;0.12570846429071844;38.900001525878906;-0.71083418618549
60;0.3989880681037903;0.5528599619865417;0.22058452816494523;272.00457121423375;0.1099522760535626;0.08700421957073366;1.2289788596180695;0.6498488159598352;0.18187950311884002;53.599998474121094;-1.008014258245627
30;0.2436932921409607;0.536807119846344;0.1308162942800628;229.3292297041637;0.15684638129364234;0.06230878944380082;1.1493405265738486;0.6116225314446231;0.20025556742218686;31.0;-0.6971313605705897
37;0.44916027784347534;0.696088969707489;0.31265551503759426;118.34110777016377;0.20466094658073997;0.097890995437005;1.1147645691400705;0.6116224928938123;0.18366219038507303;47.20000076293945;-0.5499648419586388
19;0.3082003593444824;0.2796705365180969;0.08619455985294167;220.4315450118464;0.09475497221646875;0.0713662336501892;0.8812191816881842;0.26758479078144015;0.07034036543174599;48.099998474121094;-0.4462434006364722
23;0.3870423436164856;0.511145606637001;0.19783499352205514;116.25850205027506;0.1533087631222681;0.10788896216226934;0.8708971772962081;0.2675848363359332;0.07897962862915359;36.900001525878906;-0.4915144728577655
19;0.15051651000976562;0.36407509446144104;0.054799312599811856;346.71967764911767;0.13049180816553949;0.04308080366204982;0.8309212859919739;0.22935846273239058;0.06723466335029056;37.79999923706055;-0.8329876865211286
9;0.117068350315094;0.12089432775974274;0.014152899513285355;635.9120964260137;0.04010185266744551;0.03990219687478866;0.7305490210219996;0.07645282473453019;0.029882955585940053;33.5;-1.1304832696914673
12;0.28430888801813126;0.1933341920375824;0.0549666291540889;218.31427876648928;0.05780503890695672;0.08913512901200667;0.4173048989271418;0.15290562363199617;0.052712470063598235;32.70000076293945;-0.6358968516190847
8;0.09078770875930786;0.09128402918577194;0.008287467856094022;965.312944667093;0.03571932127983454;0.035269606455277804;0.3965989323730804;0.11467923357813903;0.0405452344746263;27.399999618530273;-0.3179484196007252
45;0.5339750647544861;0.39871496707201004;0.21290385036085935;211.36301632745335;0.10976668258501324;0.10429112373386855;0.39670511789335094;0.42049043611284154;0.12394513226748176;48.70000076293945;1.0425568057431116
74;0.7764738500118256;0.8186350613832474;0.6356487178669172;116.41650163053272;0.20772030386019616;0.16138568455145264;0.5558325682551056;0.6498488733340737;0.18535680537108523;46.5;1.1839520858751762
35;0.8385917246341705;0.5884766578674316;0.4934916554280022;70.92318505293615;0.18150378261096323;0.16410123346344443;0.6520332201931227;0.6498488104662381;0.19578461862418226;49.599998474121094;0.6379155652863638
20;0.3010329231619835;0.6529557704925537;0.19656118428685865;101.74948870277602;0.14048057688260096;0.08265989074024957;0.5829526485649629;0.5351696301043842;0.13350467983997216;49.20000076293945;0.7348141372203827
58;0.6307356506586075;0.39069318771362305;0.2464241219604375;235.36656857526182;0.08387921495056158;0.1504668134176277;0.5826231114266107;0.45871686994348343;0.10408817362000364;41.599998474121094;0.5701144106429199
69;0.5196401476860046;0.542512908577919;0.28191148793499377;244.75767378415873;0.100414637646231;0.10127192343454298;0.6803191740805571;0.49694325455108285;0.143417155828084;46.900001525878906;0.6430647602115852
42;0.3655399829149246;0.5755386203527451;0.21038237745062172;199.63649288951356;0.1241073817595715;0.10830443573939089;0.7299422701982389;0.5733961052677581;0.1690267840721464;43.70000076293945;0.8007589912130719
39;0.4384090155363083;0.4865555316209793;0.21331033162169866;182.83221306488647;0.12011697045011649;0.11560181158917951;0.739043793104886;0.5733961392285297;0.17458901995325424;46.70000076293945;0.4058145085970561
11;0.2616119682788849;0.20103001594543457;0.05259185815462075;209.1578503969161;0.056930238820804745;0.06914178926164144;1.14679209777953;0.15290557744204492;0.045230102446355926;30.5;0.5652416429736398
48;0.5662285536527634;0.4383707642555237;0.24821804380806167;193.3783671146676;0.10336517013635005;0.1380553369619109;0.8847819597780345;0.7645280833319656;0.23057378231778264;36.400001525878906;0.7359917225937048
63;0.44318732619285583;0.5896394848823547;0.26132074672274364;241.0830398661068;0.15773727835351653;0.11063992877307584;1.0029880085864376;0.879207322200446;0.2403683161434799;39.900001525878906;0.7985159679064675
35;0.5005269646644592;0.586593896150589;0.2936060623309533;119.20734783925522;0.1456161070027743;0.09275553773898011;1.1162109751329237;0.4204905331762002;0.08333831801794524;37.099998474121094;0.9851354335035597
21;0.117068350315094;0.16546106338500977;0.019370253731864295;1084.1365472386535;0.04631947534844373;0.02818912375852233;0.726301656139134;0.19113203400202683;0.05539531927773569;34.0;1.2919808796473913
80;0.46230050921440125;0.8531936407089233;0.39443185455822416;202.8233751292792;0.12782782958287472;0.09619050602508374;1.2093878314882827;0.726301658441898;0.19616993474246228;49.599998474121094;1.0033039160072803
28;0.3500105142593384;0.6460027098655701;0.22610774069297435;123.83476971724046;0.14865513977769346;0.10134533026735279;1.271027906570417;0.5351696343450516;0.18802744503603583;33.5;0.403744030211653
37;0.5184455513954163;0.4268594980239868;0.22130340782141644;167.1912799004777;0.07128933261393858;0.1488899521268284;1.275935360398361;0.38226395368256405;0.13036622482627894;41.5;0.6950944517109845
6;0.12901410460472107;0.3764696717262268;0.04856989760859243;123.53330551264224;0.13466978941212462;0.04469956739396229;1.6437353321499657;0.07645285646663114;0.034190745829645826;24.5;0.7065520584583282
9;0.1863536834716797;0.05748867988586426;0.010713227254655067;840.0829914337304;0.020488907105127917;0.058238164953383714;1.7414250253982533;0.15290560178216284;0.04724908495834814;38.5;-1.0048740241262648
14;0.0955660343170166;0.30129337310791016;0.02879341283392023;486.2223203880586;0.06762201621461955;0.03003376622152152;1.6983444665981355;0.30581135498909395;0.09683876942610495;37.79999923706055;-0.6056160437209266
11;0.17440801858901978;0.36252641677856445;0.0632275140365266;173.97489317143308;0.1312126654615781;0.052573153334900674;1.6889119949811282;0.34403767519010864;0.11697303119513337;34.79999923706055;-0.4367776269262487
32;0.24369335174560547;0.38850128650665283;0.094675180666286;337.9977706384801;0.11915252454613919;0.06617607174949645;1.6162601031347508;0.4587169200418151;0.08365660000952772;43.900001525878906;-1.0068366741761565
31;0.37151283025741577;0.5213326215744019;0.19368175774662433;160.05637474931632;0.10016298632918026;0.09565205948201484;1.4982283820622417;0.3822639866422748;0.10557655755350187;38.29999923706055;-0.9207968567648241
32;0.524418443441391;0.45525258779525757;0.23874285346425417;134.03542571292593;0.08899400244182937;0.12023795618807535;1.5123320646453506;0.6498489289031706;0.1478710226390272;39.29999923706055;-0.512250236235559
29;0.5208347141742706;0.27063822746276855;0.1409577838452023;205.7353571325111;0.08616625878102638;0.13030229824865303;1.4367855001168726;0.42049034088178816;0.09666130661554527;42.599998474121094;-0.3898218222733202
25;0.5614502727985382;0.47865861654281616;0.26874301083533503;93.02567505771553;0.12973273680824735;0.14056606706962274;1.4801263375578932;0.22935849901541916;0.06759337286299863;44.29999923706055;-0.5539368081092835
33;0.4288524389266968;0.44410568475723267;0.19045580604934997;173.26854289466607;0.1161594710504852;0.12497889037939743;1.4166936825294734;0.34403756966432897;0.08436881071221908;37.900001525878906;-0.4795989701242158
53;0.9114607647061348;0.4819255471229553;0.43925622771211126;120.65850557441891;0.12728896911508328;0.2190478445424476;1.420146952030062;0.49694325794940464;0.11910174876547118;39.70000076293945;-0.6079013831210587
40;0.3153678774833679;0.3426477909088135;0.10806010654327736;370.1643583331122;0.10807993059647455;0.0756535932374564;1.352259033117984;0.3440376617235079;0.0815224644091287;37.20000076293945;-0.6994865290820599
55;0.6044550091028214;0.7318217754364014;0.44235333793305287;124.3349948640466;0.14885835215910503;0.1292613541563621;1.3059529531478837;0.5351696769785874;0.133795165894777;48.70000076293945;-0.6114886852827939
56;0.6880752444267273;0.616079568862915;0.42390909993166304;132.10379302786274;0.1335166362511311;0.17359188533786102;1.2130056827135038;0.7263015724623436;0.19674747915138924;49.79999923706055;-0.7671136483550072
34;0.5053052455186844;0.36182981729507446;0.18283450466426832;185.9605223993843;0.09725791910151776;0.10877553843403155;1.1276788991208295;0.8792073425876663;0.24162760049841248;40.29999923706055;-0.5818663967006347
48;0.9019042141735554;0.41552650928497314;0.37476510982494426;128.08022609794486;0.13800597056433742;0.22927831852504083;1.1818329697222116;0.764528043511322;0.22892876670283563;36.20000076293945;-0.15897421166300774
42;0.7812521457672119;0.541011393070221;0.42266631172061864;99.36916862151506;0.12730005268527644;0.21781178550968142;1.1722763699215315;0.4969433270911233;0.1727510595890672;50.5;-0.3633696266583034
43;0.7740846276283264;0.49384909868240356;0.382280995658153;112.48270379219133;0.16085925626267708;0.16160533126518403;1.169016749292779;0.49694328875406346;0.16750646906176744;45.099998474121094;-0.26290308805399165
58;0.6725457608699799;0.6725234985351562;0.45230282802526744;128.23267157807797;0.16815264998397564;0.14190527664693647;1.1540419364325305;0.6880753333116029;0.17821594509820482;42.099998474121094;-0.453167868071589
48;0.41093386337161064;0.4724885821342468;0.19416155845540062;247.21680430385356;0.13703048058283793;0.10162282362490897;1.0687465271902947;0.42049055503672506;0.12316501080538797;44.20000076293945;-0.45925883452097577
36;0.3774857260286808;0.4299117922782898;0.16228556503646163;221.83118992691476;0.11614502574961039;0.08859259017323554;1.0437931769522166;0.34403772729200455;0.08991367285114316;51.900001525878906;-0.5102875928084055
38;0.4658842831850052;0.6463743448257446;0.3011356483083194;126.18897899824032;0.1280022057524611;0.12112872502276463;1.0089758551347892;0.26758487177416623;0.07357800160991924;58.70000076293945;-0.2900582120606774
45;0.7896141558885574;0.39322102069854736;0.31049288433652045;144.93085758199794;0.09753296705565463;0.1535887529765004;1.013424421148702;0.3822639401766502;0.09630068104351501;56.900001525878906;-0.10676786767111884
33;0.7478040009737015;0.6689459681510925;0.5002404714186133;65.96827303160124;0.10857995923464099;0.16097538988477758;0.9278590538605543;0.3058111984555394;0.09179945772449546;50.0;-0.24836375225674023
37;0.5339750796556473;0.5147755742073059;0.27487732824212774;134.60549924804374;0.11608745641420222;0.13099290003071193;0.8936713185751525;0.45871690484569816;0.09247988164901157;47.5;-0.25970562164847916
49;0.5829526633024216;0.4241306781768799;0.24724810843147438;198.1814959509812;0.11275378526765241;0.16005821543043344;0.8870085736959595;0.496943344203037;0.11116907936003126;53.29999923706055;-0.3979762579713549
55;0.3559833951294422;0.4355974793434143;0.1550654696064957;354.68889456544775;0.11720629138494346;0.08573813805558966;0.8785122451869256;0.3822641403971013;0.09910806990520071;43.29999923706055;-0.4316390731117942
53;0.44079817831516266;0.5154218077659607;0.22719699392714343;233.27773437440732;0.14326702836965274;0.07953529995125957;0.8921898204892015;0.4204904984818081;0.11218787452415027;42.79999923706055;0.25595848121733034
48;0.9341577440500259;0.670745462179184;0.6265820677810985;76.60608636627818;0.17886121763442725;0.18839483801431275;0.9102662133451801;0.4969433464721603;0.12334105679845277;47.5;0.2649570206801097
32;0.37270742654800415;0.5007998943328857;0.18665183983232225;171.44218899072754;0.13955630540017197;0.1053430687565519;0.8875692945456447;0.3058113202898154;0.0861548664822547;37.70000076293945;0.0
37;0.29506006836891174;0.47151610255241394;0.13912557345615806;265.9467923893922;0.13520688108279796;0.07870510846242591;0.9153673844018169;0.3058113612372052;0.09186097034296198;38.79999923706055;-0.053468802490749874
26;0.37868034839630127;0.46759796142578125;0.17707015894211509;146.83445339030558;0.11225517958561573;0.10682965251225307;0.9703625386211772;0.34403760077923395;0.12378599919281888;35.20000076293945;0.45654132618353915
22;0.37270742654800415;0.6868676990270615;0.25600069248332513;85.93726753857509;0.14222751993578733;0.12440946153935636;1.0077869835833997;0.4969432499178891;0.15763154845500232;32.400001525878906;0.4881632368672978
12;0.44079816341400146;0.1720690131187439;0.07584770496320203;158.211774579361;0.06478563653950992;0.16152642166152137;0.9492890129334701;0.3822641269181126;0.1578922020314864;28.0;0.37682775656382245
13;0.14932185411453247;0.13414981961250305;0.020031499793669028;648.977866555387;0.04181020604581485;0.05273296727225502;0.8939097243636958;0.11467918691880441;0.036726743985480224;45.5;0.4782813902084644
8;0.2257746458053589;0.5026961266994476;0.1134960399532936;70.4870408103419;0.16874106689848564;0.07334729146584275;1.0273345965981502;0.26758486944767335;0.10305444049667785;30.0;0.49458644166588783
9;0.10392802953720093;0.08778423070907593;0.009123242122033304;986.4914116730866;0.03054244386050959;0.036177958729277905;1.0193707451144176;0.11467924886941183;0.038226411129796994;36.20000076293945;0.8164601524670919
5;0.09914976358413696;0.24083185195922852;0.02387842118528738;209.39407849463413;0.094193458853216;0.03774744657102641;1.0779845771968692;0.19113207567545087;0.07352997881759085;30.0;-0.6782899796962738
24;0.2006886601448059;0.4469640702009201;0.08970062038149162;267.5566779575143;0.10980447550512135;0.0773306371090321;0.9907009457579917;0.2675848279642937;0.08277059300299071;39.599998474121094;-0.7065520497659842
24;0.3153678774833679;0.19156065583229065;0.060412077439151446;397.2715559098824;0.04367520608410114;0.09528247853979714;0.8330170268431208;0.26758484215173806;0.07808019696613282;38.599998474121094;-0.8714141969879469
19;0.5901201069355011;0.3364523649215698;0.19854730556621902;95.69507853967409;0.08055876859732776;0.16731507217573388;0.8188497933001652;0.5351695933475167;0.14822327705108929;44.20000076293945;-0.38674428117902654
37;0.6426814645528793;0.2824188470840454;0.18150535826130998;203.85073120944324;0.07212030191243365;0.16882374556370114;0.8575112019351027;0.38226411511972824;0.11731782553212476;45.400001525878906;-0.22151361687763318
40;0.5160563886165619;0.4954821616411209;0.2556967349604444;156.4353178236237;0.09761991940313955;0.14701151976622345;0.8839855667927923;0.4969433360803551;0.1502327525393407;42.900001525878906;-0.3462105058133602
34;0.5363641977310181;0.37920308113098145;0.20339095638794902;167.16574130832157;0.07652116073547935;0.15946111762040113;0.8499753112617616;0.38226412349051875;0.13143296245180866;38.900001525878906;-0.4156188544105081
31;0.4145175814628601;0.3227905035018921;0.13380233883078319;231.68503832511482;0.08826357140029725;0.0974817940131411;0.8360484171420778;0.34403759248738286;0.10433401129500347;31.100000381469727;-0.41025602913671927
38;0.4228795915842056;0.4357315003871918;0.1842619589241088;206.2281342382282;0.1246585704100553;0.10544932568977435;0.833939158799717;0.3058112744783932;0.08836443442189283;37.70000076293945;-0.22312170110250773
40;0.5578665882349014;0.5732206702232361;0.31978065960316027;125.08573861108108;0.1387400261022026;0.13285760149479514;0.8266459623157489;0.30581123842303837;0.08334061991570127;38.5;0.02119656354188919
35;0.6689620465040207;0.41148462891578674;0.27526759946445223;127.14899998435835;0.12830251364823364;0.16388515416839183;0.8136762983804;0.3058112226647841;0.08676013385167078;36.900001525878906;-0.08074880497796195
47;0.946103498339653;0.6852526664733887;0.6483199449970485;72.49507031626796;0.15310469552364106;0.20014050988335666;0.8092610801019675;0.4204903914662679;0.11531982536381205;53.0;-0.06614529832880547
57;0.5064998120069504;0.461089164018631;0.2335415748938785;244.06789251935484;0.1254890595706634;0.12148451650461893;0.7672106109941216;0.3058112624164957;0.09331685088396507;48.29999923706055;-0.05454086107120179
10;0.22099636495113373;0.20335209369659424;0.04494007351214968;222.51855011533237;0.06989370420430847;0.07722916992549647;1.509942958618542;0.19113203663482925;0.0703707305685302;29.5;0.48045539259910586
51;0.26400110870599747;0.31486499309539795;0.0831247072698913;613.5359951934865;0.07400257491160582;0.06451062982015981;0.8177452114469136;0.4587168789090553;0.1115997368214954;48.5;0.13299803289712644
56;0.5495045483112335;0.3149341940879822;0.173057772070079;323.59136102435804;0.08181774976260006;0.09832263903872318;0.84780701233705;0.3822641392456009;0.09836953019789281;52.599998474121094;0.6207564414611885
56;0.7525823414325714;0.45923781394958496;0.34561426929655426;162.0303470512938;0.10291692862195283;0.15354175501128622;0.9153858254923206;0.38226403716575297;0.10137885457194011;47.29999923706055;0.5803820373756545
46;0.7812521159648895;0.586271733045578;0.45802603197226066;100.43097289017382;0.14622355059503794;0.19186423315992482;0.9265747741955032;0.3822640044559351;0.09876090793284356;44.79999923706055;0.4300751647223597
34;0.465884268283844;0.6420508623123169;0.2991213961893848;113.66622526217864;0.12027389760293795;0.12026448116720584;0.939919800853839;0.34403760352495205;0.1073469077037321;43.900001525878906;0.18287229362656088
37;0.7036047503352165;0.45345884561538696;0.31905579785650984;115.96717642673947;0.08853593512478437;0.17856386302156846;0.999052215998062;0.4969432814837824;0.11367032806222192;45.900001525878906;0.3666432282409152
47;0.5053052455186844;0.42679363489151;0.2156610624646662;217.9345657619602;0.09168945906494519;0.1217594028703908;1.0410594937594766;0.4587168260319012;0.11362529703836335;45.70000076293945;0.5051095536414613
55;0.3870423138141632;0.3877311944961548;0.1500683786557211;366.49959500247604;0.07780765412778899;0.1258350626030413;1.0487935023675816;0.4587168403585671;0.11696040404546508;51.900001525878906;0.5703802011229775
47;0.39420977234840393;0.8533497750759125;0.33639882056623716;139.71511529347254;0.19104493134806128;0.0800121917431562;1.0979924309804514;0.42049044525844925;0.10891161199999737;38.599998474121094;0.70354544292105
34;0.4252687692642212;0.3097538352012634;0.1317286322709137;258.10637682835306;0.07636336572494529;0.10827731556664306;1.1479164024081672;0.3058113669694076;0.10457530747415236;37.29999923706055;0.37405696774230285
44;0.4921649098396301;0.6226471066474915;0.3064450571050692;143.5820189617676;0.1218968726347981;0.140563172524474;1.211081948416184;0.5733959887327535;0.1432135827010037;38.0;0.5716648359190334
36;0.38345855474472046;0.6712608337402344;0.25740070916276636;139.85975453251584;0.13263603079067843;0.10490888394290662;1.1924514094632477;0.6498488586802269;0.19743261722760527;46.20000076293945;0.39252891888221103
29;0.3559834659099579;0.3730465769767761;0.13279841341803866;218.3761029486877;0.09387903842621877;0.10767490567805862;1.1612917642274754;0.4204905295448709;0.14245018215074443;32.29999923706055;0.41905846164144317
7;0.1756024956703186;0.2901691794395447;0.050954432076192546;137.3776473366016;0.08751512241971847;0.06712587422141049;1.60550891948009;0.0764527598708562;0.03121168465059993;24.799999237060547;0.726739261831556
11;0.18754833936691284;0.1207934021949768;0.022654601988147505;485.5525603917036;0.034330161356639695;0.06373338745032636;1.0877149262365966;0.19113209098281958;0.057628475150472876;36.79999923706055;0.5909344445575367
22;0.27714139223098755;0.3138304352760315;0.0869754037568562;252.94507469608337;0.07753076578901429;0.07105915755057181;1.351824624328607;0.26758479434455085;0.07873548774758861;33.599998474121094;0.7707840569994666
20;0.24847161769866943;0.2505866289138794;0.062263665059887785;321.21462783732966;0.07840243709019369;0.07564044503535217;1.4373127639352705;0.30581132204713457;0.10106148591440278;44.20000076293945;0.7489451691508293
22;0.32611894607543945;0.24063360691070557;0.07847517827605088;280.343421745548;0.07987173312157585;0.07666130771016383;1.428277449984485;0.1529056435892917;0.052154490615272345;40.0;0.7836304537274621
5;0.09078770875930786;0.0633707046508789;0.00575328107771611;869.0693071413189;0.027875574586480576;0.03609120438711498;1.4678938766368232;0.03822649609827011;0.020937489568005587;32.29999923706055;0.4521933078765869
41;0.3082003593444824;0.7027216553688049;0.21657906670381522;189.3073075989839;0.13273933316248684;0.07100734885412252;1.532785518757648;0.49694331314185636;0.12701433936803505;54.599998474121094;-0.7375714052014235
35;0.6438759565353394;0.3643408417701721;0.2345903079996603;149.19627455389454;0.08056220787064118;0.16721941345468058;1.4504189530026426;0.45871694813742847;0.13655627053193867;37.599998474121094;-0.5813914035047804
33;0.7203288078308105;0.4613068699836731;0.33229262769950196;99.31005760935051;0.11300015028960715;0.18660888311192594;1.3784672701794787;0.3822640503316883;0.11142331949538153;46.599998474121094;-0.46247043483185046
25;0.3571779131889343;0.3444485068321228;0.12302939887134201;203.20346380090623;0.07458591308428772;0.07444442437725728;1.3807376886890126;0.2675848163205008;0.07670722366518014;46.20000076293945;-0.6217658066749573
38;0.4802192449569702;0.32062679529190063;0.15397115754804958;246.799469492469;0.1089332417298505;0.11646240579272654;1.3127751753931585;0.3058111603872393;0.08110326292703626;46.0;-0.5206172999582792
48;0.6701565980911255;0.35778993368148804;0.23977528478723542;200.18743817817918;0.1014187256774192;0.1459724209600187;1.3331458278981827;0.5733961607959601;0.11444175285167012;36.5;-0.6830003118763367
65;0.7167450189590454;0.4213959574699402;0.30203345352605737;215.20794879230903;0.11051805739281956;0.13351768051645924;1.285583357814185;0.6880753227684338;0.1352468794102131;38.20000076293945;-0.7000300320295187
57;0.5088889598846436;0.4901205897331238;0.24941695712733747;228.5329780961893;0.11865749246364925;0.10299432841946721;1.206478939204112;0.6498487636399547;0.16662777559706562;47.0;-0.7090311824229726
57;0.6211790442466736;0.513926088809967;0.3192401166604064;178.54898875580255;0.133592461486159;0.13102621404130835;1.1568516796141792;0.8027543903827685;0.20906610795695377;56.400001525878906;-0.6247407621458957
30;0.9389359913766384;0.39174336194992065;0.36782194191766604;81.56120280261925;0.09611891598919602;0.18547057075363585;1.148066323008074;0.6116225070188117;0.17858906937700508;36.0;-0.3674070626497269
51;0.9986647590994835;0.4658825993537903;0.46526053385229416;109.61600283980013;0.13690245592501182;0.21392302381277156;1.1093152366130548;0.611622578759774;0.19348606291652826;38.099998474121094;-0.18841388120370753
40;0.4431873485445976;0.7928144335746765;0.3513653267038479;113.8416256812797;0.19420960425964168;0.1261073775910448;1.1439251257961298;0.5733961682765898;0.16203933678581917;38.29999923706055;-0.3108829014003277
45;0.4467710740864277;0.40804338455200195;0.18230198119015917;246.8431758460184;0.13416265839110667;0.11406954385958817;1.0762856236605385;0.4587169572868276;0.14255461862761531;37.099998474121094;-0.389388687743081
45;0.6868806779384613;0.687539279460907;0.472257446385429;95.28700996547892;0.16481248587357816;0.17921808800588954;1.0983719928129045;0.4969432296380655;0.13695707481899627;41.29999923706055;-0.5526807175742255
41;0.6355139315128326;0.4818415641784668;0.3062170268173503;133.89196683845842;0.10148533294216028;0.1099391897793118;0.9901570696820732;0.3058112167644941;0.09355901873669902;49.70000076293945;-0.330873157919907
49;0.47066257894039154;0.5498289465904236;0.25878390997832756;189.34716615149534;0.13415877441595306;0.12010555095957968;0.9938864726850828;0.30581117966632343;0.09199520254541782;53.79999923706055;-0.10381989333094382
41;0.5686177760362625;0.7840877771377563;0.44584624805328765;91.95995296364964;0.1478853027104515;0.1527798972177269;0.9929541445700945;0.3822640748914813;0.10726844050584938;48.0;-0.11029105215537839
33;0.582952655851841;0.2313857078552246;0.13488691292036137;244.64938284623315;0.059907248836032295;0.14765505847352944;0.9324925581270894;0.3058112018021397;0.0906313430953573;51.29999923706055;-0.2740565529375365
29;0.49097035825252533;0.39817649126052856;0.19549285456191523;148.343017779278;0.10977000127371625;0.11290444522032245;0.9016158501768146;0.30581127229177074;0.07815222728028351;48.5;-0.19491090856749435
43;0.5423370711505413;0.34207409620285034;0.18551946345112236;231.78161040406923;0.09618443906395999;0.1470994394640355;0.8952090290867043;0.3440377209441249;0.10052770922351477;57.5;-0.46665298453597137
42;0.6044550091028214;0.4883325695991516;0.2951750678022593;142.28844025585593;0.12180668549297972;0.17796509120345955;0.8682854402121778;0.45871687299986996;0.10452914469303493;57.900001525878906;-0.343182426123392
50;0.33448104560375214;0.5253807902336121;0.17572991605746413;284.52753590145613;0.11654743186030138;0.08668362374574873;0.850155205752623;0.3822639891176225;0.09057878184741186;44.0;-0.3561022347211838
38;0.3476213365793228;0.3062974214553833;0.10647551903712049;356.8895492939751;0.07966082644886723;0.08131910021599892;0.8379629957824984;0.38226416741872493;0.1006998791248182;47.29999923706055;-0.03718694966090353
44;0.31656238436698914;0.358808696269989;0.11358533642283852;387.3739461949857;0.11132667185613986;0.0764871810245463;0.9009268177523179;0.42049046267232104;0.11103506363263213;42.099998474121094;0.41108483143828134
51;0.4849974513053894;0.48794910311698914;0.23665407137849037;215.50442679024798;0.1264809633106525;0.11122762112418677;0.903941996253219;0.3058112292689321;0.08403673746383893;46.79999923706055;0.5430752985617694
35;0.4240741729736328;0.41793927550315857;0.17723725261220125;197.47541492634576;0.10602620733647514;0.11489909280344164;0.9338164208930161;0.38226402843809326;0.1021042339886665;47.099998474121094;0.3391449851649148
29;0.2030777931213379;0.37407034635543823;0.0759653804099969;381.7528437754477;0.07979198772648388;0.05089889548618579;0.9635689866987139;0.30581117877891184;0.0921629536462779;34.5;0.3021119113626151
22;0.20666146278381348;0.2499620020389557;0.05165751298174115;425.88190429872446;0.08675157116265757;0.06367446427664761;0.9678230136718257;0.19113213101233117;0.06816374578731951;39.599998474121094;0.5010096308859912
5;0.1529056429862976;0.19310271739959717;0.029526495166386724;169.33943469498044;0.07618396746802175;0.05781670585349643;1.1391468291278724;0.1146792162832937;0.04984114031325354;18.200000762939453;0.5652416348457336
20;0.2819197177886963;0.3677048981189728;0.10366326110722213;192.9323830485458;0.09827009488800388;0.08403998033968335;1.0493147764178705;0.535169656916665;0.16097906260495906;29.100000381469727;0.3108828991651535
5;0.09556597471237183;0.0946524441242218;0.009045553081639568;552.7577976573784;0.03390964476602387;0.03620960923519123;0.9633053568314256;0.07645277474473278;0.031982488123737905;27.899999618530273;0.4521933078765869
14;0.21143972873687744;0.39538583159446716;0.08360027297873884;167.46356801443065;0.08963764225106838;0.054612159172563186;1.0102692224757213;0.34403758987927546;0.08309539373168044;47.79999923706055;0.5248672387429646
15;0.16365677118301392;0.29977506399154663;0.0490602190540379;305.7466984294972;0.07486155740917921;0.04904511047512915;1.029564458402229;0.22935846703345353;0.054953940297922284;44.5;0.7159727474053701
10;0.1039280891418457;0.07847100496292114;0.008155341598836685;1226.1902066035402;0.023217905238232923;0.0371385018449926;1.1811958642639948;0.15290559513356006;0.04576538596804888;36.5;-0.5652416408061981
7;0.16126763820648193;0.3021685630083084;0.04873001049659642;143.64864543767993;0.12248780660982357;0.06205934358419338;1.059417456896033;0.22935835940456528;0.08748831631044357;29.200000762939453;-0.6056160458496639
10;0.09317684173583984;0.08330971002578735;0.007762535666131498;1288.2388474723175;0.025265350635803673;0.03282823441305929;0.8600940682347227;0.11467924019638998;0.04128923177151724;42.0;-0.791338300704956
39;0.41810134053230286;0.47406356036663055;0.1982066100868045;196.76437623810813;0.08624280883725746;0.10849046334977357;0.7704090456551951;0.7645280584847356;0.18552473717230078;37.599998474121094;-1.1159899051372821
37;0.5017215311527252;0.33879460394382477;0.16998054743697688;217.67196633907986;0.08708953950315174;0.12234304100739692;0.7118376116104311;0.7263016883773615;0.16401046767065905;45.099998474121094;-0.25970562245394735
36;0.6689620614051819;0.37356528639793396;0.24990100405817905;144.05704425108632;0.07291771871621797;0.18287955232536962;0.5925092491352405;0.2675848392574629;0.07887194000457952;57.0;-0.29832198056909776
27;0.9532709419727325;0.38454288244247437;0.3665735557748473;73.65506751551833;0.10178971891237378;0.26267892286313504;0.5691486733235479;0.26758484039350233;0.08891444944400291;40.400001525878906;-0.429164950494413
72;1.0273345708847046;0.9020495861768723;0.9267067245317424;77.69448315634165;0.2535157017116396;0.2344095364871153;0.7491313138080749;0.8027544688226058;0.25523664440237204;44.29999923706055;-0.8243107183112038
78;0.8051436245441437;0.6906343847513199;0.5560598717734924;140.27266479637794;0.1922722941729717;0.16212737718456027;0.6155431091069113;0.6498488785116374;0.20373248674015793;53.599998474121094;-0.5869816984885778
40;0.3774857074022293;0.4554445147514343;0.17192379483341025;232.6612208551991;0.09325738778325907;0.05783645628854062;0.481652679703631;0.535169619837804;0.09553659670913227;52.0;0.6500278808176517
22;0.32492439448833466;0.4100247099995613;0.13322703062186247;165.13165456972823;0.12482507862690845;0.10621729666416105;0.5212691347116498;0.3058111959174338;0.06832593450161652;37.099998474121094;0.4239312301982533
27;0.48021920025348663;0.3486061096191406;0.167407347164783;161.283243879513;0.08541046860169929;0.1282166984510504;0.6257803789301832;0.344037651507139;0.09067622502769285;39.400001525878906;0.7013183291311618
12;0.21024522185325623;0.09860914945602417;0.020732102504142702;578.8124961084942;0.034036558746445206;0.06365850303364692;0.6402922563296704;0.1529056402545581;0.0518656264232935;33.29999923706055;1.248241941134135
